bisonID,basisOfRecord,catalogNumber,collectorNumber,recordedBy,providerID,institutionCode,resourceID,ownerInstitutionCollectionCode,eventDate,year,verbatimEventDate,providedScientificName,scientificName,ITISscientificName,providedCommonName,ITIScommonName,ITIStsn,validAcceptedITIStsn,providedTSN,decimalLatitude,decimalLongitude,geodeticDatum,coordinatePrecision,coordinateUncertaintyInMeters,verbatimElevation,verbatimDepth,centroid,higherGeographyID,computedCountyFips,providedCounty,calculatedCounty,providedState,calculatedState,mrgid,calculated_waterbody,establishmentMeans,countryCode,institutionID,collectionID,relatedResourceID,associatedMedia,associatedReferences,generalComments,license
440998588,specimen,226465,,,398,Lund Museum of Zoology,"398,201871",Lund Museum of Zoology - Insect collections (MZLU),,,,"Macropis nuda (Provancher, 1882)",Macropis nuda,Macropis nuda,,,655865,655865,,,,,,,,,,,,,,Idaho,Idaho,,,,US,,http://130.235.149.99/Entomology.html,,,,,CC_BY_NC_4_0
1272066562,specimen,592615,,[no agent data],120,"Museum of Comparative Zoology, Harvard University","120,202122","Museum of Comparative Zoology, Harvard University",1891-06-14,1891,,"Macropis nuda (Provancher, 1882)",Macropis nuda,Macropis nuda,,,655865,655865,,,,,,,,,,,,,,New York,New York,,,,US,http://www.mcz.harvard.edu/,http://mczbase.mcz.harvard.edu/,,,,,CC_BY_NC_4_0
1224583198,specimen,SAM-HYM-B002556,,"Steiner, K.",130,South African National Biodiversity Institute,"130,202281",IZIKO South Africa Museum Collection (1800-2013),1990-07-16,1990,,"Macropis nuda (Provancher, 1882)",Macropis nuda,Macropis nuda,,,655865,655865,,,,,,,,,,,,,,Michigan,Michigan,,,,US,http://www.sabif.ac.za,,,,,,CC_BY_4_0
1676104227,specimen,974373,,"MacKay, Patricia",196,University of Kansas Biodiversity Institute,"196,202092",Snow Entomological Museum Collection,1968-07-09,1968,,"Macropis nuda (Provancher, 1882)",Macropis nuda,Macropis nuda,,,655865,655865,,,,,,,,,,,,,,Ontario,,,,,CA,http://www.nhm.ku.edu/,http://entomology.biodiversity.ku.edu/collections,,,,,CC_BY_4_0
1676104268,specimen,974370,,"MacKay, Patricia",196,University of Kansas Biodiversity Institute,"196,202092",Snow Entomological Museum Collection,1968-07-09,1968,,"Macropis nuda (Provancher, 1882)",Macropis nuda,Macropis nuda,,,655865,655865,,,,,,,,,,,,,,Ontario,,,,,CA,http://www.nhm.ku.edu/,http://entomology.biodiversity.ku.edu/collections,,,,,CC_BY_4_0
1676104269,specimen,974371,,"MacKay, Patricia",196,University of Kansas Biodiversity Institute,"196,202092",Snow Entomological Museum Collection,1968-07-09,1968,,"Macropis nuda (Provancher, 1882)",Macropis nuda,Macropis nuda,,,655865,655865,,,,,,,,,,,,,,Ontario,,,,,CA,http://www.nhm.ku.edu/,http://entomology.biodiversity.ku.edu/collections,,,,,CC_BY_4_0
1676104270,specimen,974372,,"MacKay, Patricia",196,University of Kansas Biodiversity Institute,"196,202092",Snow Entomological Museum Collection,1968-07-09,1968,,"Macropis nuda (Provancher, 1882)",Macropis nuda,Macropis nuda,,,655865,655865,,,,,,,,,,,,,,Ontario,,,,,CA,http://www.nhm.ku.edu/,http://entomology.biodiversity.ku.edu/collections,,,,,CC_BY_4_0
1001636050,unknown,,,"Sheffield, Rigby, Jansen",1621,European Molecular Biology Laboratory (EMBL),"1621,201821",Geographically tagged INSDC sequences,2003-07-08,2003,,"Macropis nuda (Provancher, 1882)",Macropis nuda,Macropis nuda,,,655865,655865,,45.08000183105469,-65.54000091552734,,,,,,,,,,,,,,,,CA,http://www.ebi.ac.uk/,,,,,,CC_BY_4_0
1142530564,specimen,FMNHINS 0003 187 443,,,49,Field Museum,"49,202643","Field Museum of Natural History (Zoology) Insect, Arachnid and Myriapod Collection",1931-07-26,1931,,"Macropis nuda (Provancher, 1882)",Macropis nuda,Macropis nuda,,,655865,655865,,,,,,,,,,,,,,Illinois,Illinois,,,,US,http://www.fieldmuseum.org/,http://fieldmuseum.org/explore/department/zoology/insects/collections,,,,,CC0_1_0
1142530586,specimen,FMNHINS 0003 187 444,,,49,Field Museum,"49,202643","Field Museum of Natural History (Zoology) Insect, Arachnid and Myriapod Collection",2012-07-07,2012,,"Macropis nuda (Provancher, 1882)",Macropis nuda,Macropis nuda,,,655865,655865,,,,,,,,,,,,,,Illinois,Illinois,,,,US,http://www.fieldmuseum.org/,http://fieldmuseum.org/explore/department/zoology/insects/collections,,,,,CC0_1_0
2061529113,observation,953827,,Graham Montgomery,440,BISON,"440,100061",BugGuide,2014-07-08,2014,2014-07-08 05:00:00,Macropis nuda,Macropis nuda,Macropis nuda,"""Macropis nuda, Nude Yellow Loosestrife Bee""",,655865,655865,,42.58827209472656,-73.97401428222656,,,,,,county,,36001,Albany,Albany County,New York,New York,,,,US,https://bison.usgs.gov,https://bison.usgs.gov/ipt/resource?r=bugguide,https://bugguide.net/node/view/953827,https://bugguide.net/node/view/953827,,,http://creativecommons.org/publicdomain/zero/1.0/legalcode
2061529115,observation,953828,,Graham Montgomery,440,BISON,"440,100061",BugGuide,2014-07-08,2014,2014-07-08 05:00:00,Macropis nuda,Macropis nuda,Macropis nuda,"""Macropis nuda, Nude Yellow Loosestrife Bee""",,655865,655865,,42.58827209472656,-73.97401428222656,,,,,,county,,36001,Albany,Albany County,New York,New York,,,,US,https://bison.usgs.gov,https://bison.usgs.gov/ipt/resource?r=bugguide,https://bugguide.net/node/view/953828,https://bugguide.net/node/view/953828,,,http://creativecommons.org/publicdomain/zero/1.0/legalcode
2061529116,observation,956843,,Joel Gardner,440,BISON,"440,100061",BugGuide,2014-07-13,2014,2014-07-13 05:00:00,Macropis nuda,Macropis nuda,Macropis nuda,"""Macropis nuda, Nude Yellow Loosestrife Bee""",,655865,655865,,45.006065368652344,-93.47518157958984,,,,,,county,,27053,Hennepin,Hennepin County,Minnesota,Minnesota,,,,US,https://bison.usgs.gov,https://bison.usgs.gov/ipt/resource?r=bugguide,https://bugguide.net/node/view/956843,https://bugguide.net/node/view/956843,,,http://creativecommons.org/publicdomain/zero/1.0/legalcode
2061529118,observation,956847,,Joel Gardner,440,BISON,"440,100061",BugGuide,2014-07-13,2014,2014-07-13 05:00:00,Macropis nuda,Macropis nuda,Macropis nuda,"""Macropis nuda, Nude Yellow Loosestrife Bee""",,655865,655865,,45.006065368652344,-93.47518157958984,,,,,,county,,27053,Hennepin,Hennepin County,Minnesota,Minnesota,,,,US,https://bison.usgs.gov,https://bison.usgs.gov/ipt/resource?r=bugguide,https://bugguide.net/node/view/956847,https://bugguide.net/node/view/956847,,,http://creativecommons.org/publicdomain/zero/1.0/legalcode
1883484959,observation,14198080,,jgibbs,407,iNaturalist.org,"407,202485",iNaturalist Research-grade Observations,2018-07-08,2018,,"Macropis nuda (Provancher, 1882)",Macropis nuda,Macropis nuda,,,655865,655865,,50.609764099121094,-97.51174926757812,,,,,,,,4618,,Division No. 18,,Manitoba Canada,,,,CA,http://www.inaturalist.org,http://www.inaturalist.org/observations,,,,,CC_BY_NC_4_0
1883528517,observation,14371033,,tomwood734,407,iNaturalist.org,"407,202485",iNaturalist Research-grade Observations,2018-07-14,2018,,"Macropis nuda (Provancher, 1882)",Macropis nuda,Macropis nuda,,,655865,655865,,42.64943313598633,-82.53097534179688,,,,,,,,26147,,St. Clair County,,Michigan,,,,US,http://www.inaturalist.org,http://www.inaturalist.org/observations,,,,,CC_BY_NC_4_0
1453447864,observation,5154703,,cory_silas_sheffield,407,iNaturalist.org,"407,202485",iNaturalist Research-grade Observations,2001-07-11,2001,,"Macropis nuda (Provancher, 1882)",Macropis nuda,Macropis nuda,,,655865,655865,,44.966468811035156,-65.05807495117188,,,,,,,,1205,,Annapolis,,Nova Scotia Canada,,,,CA,http://www.inaturalist.org,http://www.inaturalist.org/observations,,,,,CC_BY_NC_4_0
126197313,specimen,A00012569,,,238,York University,"238,1942",Bees of Canada / Gschwendtner property collection,,,,"Macropis nuda (Provancher, 1882)",Macropis nuda,Macropis nuda,,,655865,655865,,43.8148307800293,-79.9768295288086,,,,,,,,3521,Caledon,Peel,,Ontario Canada,,,,CA,http://www.yorku.ca/bugsrus/index/,,,,,,CC_BY_4_0
126197312,specimen,A00012568,,,238,York University,"238,1942",Bees of Canada / Gschwendtner property collection,,,,"Macropis nuda (Provancher, 1882)",Macropis nuda,Macropis nuda,,,655865,655865,,43.8148307800293,-79.9768295288086,,,,,,,,3521,Caledon,Peel,,Ontario Canada,,,,CA,http://www.yorku.ca/bugsrus/index/,,,,,,CC_BY_4_0
126197314,specimen,A00012570,,,238,York University,"238,1942",Bees of Canada / Gschwendtner property collection,,,,"Macropis nuda (Provancher, 1882)",Macropis nuda,Macropis nuda,,,655865,655865,,43.8148307800293,-79.9768295288086,,,,,,,,3521,Caledon,Peel,,Ontario Canada,,,,CA,http://www.yorku.ca/bugsrus/index/,,,,,,CC_BY_4_0
126199061,specimen,A00011788,,,238,York University,"238,1942",Bees of Canada / Gschwendtner property collection,,,,"Macropis nuda (Provancher, 1882)",Macropis nuda,Macropis nuda,,,655865,655865,,43.8148307800293,-79.9768295288086,,,,,,,,3521,Caledon,Peel,,Ontario Canada,,,,CA,http://www.yorku.ca/bugsrus/index/,,,,,,CC_BY_4_0
126199062,specimen,A00011839,,,238,York University,"238,1942",Bees of Canada / Gschwendtner property collection,,,,"Macropis nuda (Provancher, 1882)",Macropis nuda,Macropis nuda,,,655865,655865,,43.8148307800293,-79.9768295288086,,,,,,,,3521,Caledon,Peel,,Ontario Canada,,,,CA,http://www.yorku.ca/bugsrus/index/,,,,,,CC_BY_4_0
126199063,specimen,A00012274,,,238,York University,"238,1942",Bees of Canada / Gschwendtner property collection,,,,"Macropis nuda (Provancher, 1882)",Macropis nuda,Macropis nuda,,,655865,655865,,43.8148307800293,-79.9768295288086,,,,,,,,3521,Caledon,Peel,,Ontario Canada,,,,CA,http://www.yorku.ca/bugsrus/index/,,,,,,CC_BY_4_0
658923174,specimen,109898,,W.J. Hanson,232,USDA-ARS Bee Biology and Systematics Laboratory,"232,13708",Bee Biology and Systematics Laboratory,1982-07-21,1982,,"Macropis nuda (Provancher, 1882)",Macropis nuda,Macropis nuda,,,655865,655865,,41.90999984741211,-111.87000274658203,,,,,,,,49005,Franklin,Cache County,Idaho,Utah,,,,US,http://www.ars.usda.gov/main/site_main.htm?modecode=54280500,,,,,,CC_BY_4_0
658923175,specimen,119975,,W.J. Hanson,232,USDA-ARS Bee Biology and Systematics Laboratory,"232,13708",Bee Biology and Systematics Laboratory,1982-07-21,1982,,"Macropis nuda (Provancher, 1882)",Macropis nuda,Macropis nuda,,,655865,655865,,41.90999984741211,-111.87000274658203,,,,,,,,49005,Franklin,Cache County,Idaho,Utah,,,,US,http://www.ars.usda.gov/main/site_main.htm?modecode=54280500,,,,,,CC_BY_4_0
658923176,specimen,119980,,"W.J. Hanson, S. Keller",232,USDA-ARS Bee Biology and Systematics Laboratory,"232,13708",Bee Biology and Systematics Laboratory,1992-06-25,1992,,"Macropis nuda (Provancher, 1882)",Macropis nuda,Macropis nuda,,,655865,655865,,41.478599548339844,-111.83080291748047,,,,,,,,49005,Cache,Cache County,Utah,Utah,,,,US,http://www.ars.usda.gov/main/site_main.htm?modecode=54280500,,,,,,CC_BY_4_0
658923177,specimen,109880,,"W.J. Hanson, G.E. Knowlton",232,USDA-ARS Bee Biology and Systematics Laboratory,"232,13708",Bee Biology and Systematics Laboratory,1980-07-25,1980,,"Macropis nuda (Provancher, 1882)",Macropis nuda,Macropis nuda,,,655865,655865,,41.90999984741211,-111.87000274658203,,,,,,,,49005,Franklin,Cache County,Idaho,Utah,,,,US,http://www.ars.usda.gov/main/site_main.htm?modecode=54280500,,,,,,CC_BY_4_0
658923178,specimen,109881,,"W.J. Hanson, G.E. Knowlton",232,USDA-ARS Bee Biology and Systematics Laboratory,"232,13708",Bee Biology and Systematics Laboratory,1980-07-25,1980,,"Macropis nuda (Provancher, 1882)",Macropis nuda,Macropis nuda,,,655865,655865,,41.90999984741211,-111.87000274658203,,,,,,,,49005,Franklin,Cache County,Idaho,Utah,,,,US,http://www.ars.usda.gov/main/site_main.htm?modecode=54280500,,,,,,CC_BY_4_0
658923179,specimen,109882,,"W.J. Hanson, G.E. Knowlton",232,USDA-ARS Bee Biology and Systematics Laboratory,"232,13708",Bee Biology and Systematics Laboratory,1980-07-25,1980,,"Macropis nuda (Provancher, 1882)",Macropis nuda,Macropis nuda,,,655865,655865,,41.90999984741211,-111.87000274658203,,,,,,,,49005,Franklin,Cache County,Idaho,Utah,,,,US,http://www.ars.usda.gov/main/site_main.htm?modecode=54280500,,,,,,CC_BY_4_0
658923180,specimen,119957,,"W.J. Hanson, G.E. Knowlton",232,USDA-ARS Bee Biology and Systematics Laboratory,"232,13708",Bee Biology and Systematics Laboratory,1980-07-25,1980,,"Macropis nuda (Provancher, 1882)",Macropis nuda,Macropis nuda,,,655865,655865,,41.90999984741211,-111.87000274658203,,,,,,,,49005,Franklin,Cache County,Idaho,Utah,,,,US,http://www.ars.usda.gov/main/site_main.htm?modecode=54280500,,,,,,CC_BY_4_0
658923181,specimen,119958,,"W.J. Hanson, G.E. Knowlton",232,USDA-ARS Bee Biology and Systematics Laboratory,"232,13708",Bee Biology and Systematics Laboratory,1980-07-25,1980,,"Macropis nuda (Provancher, 1882)",Macropis nuda,Macropis nuda,,,655865,655865,,41.90999984741211,-111.87000274658203,,,,,,,,49005,Franklin,Cache County,Idaho,Utah,,,,US,http://www.ars.usda.gov/main/site_main.htm?modecode=54280500,,,,,,CC_BY_4_0
658923182,specimen,119992,,"W.J. Hanson, G.E. Knowlton",232,USDA-ARS Bee Biology and Systematics Laboratory,"232,13708",Bee Biology and Systematics Laboratory,1980-07-25,1980,,"Macropis nuda (Provancher, 1882)",Macropis nuda,Macropis nuda,,,655865,655865,,41.90999984741211,-111.87000274658203,,,,,,,,49005,Franklin,Cache County,Idaho,Utah,,,,US,http://www.ars.usda.gov/main/site_main.htm?modecode=54280500,,,,,,CC_BY_4_0
658923183,specimen,119993,,"W.J. Hanson, G.E. Knowlton",232,USDA-ARS Bee Biology and Systematics Laboratory,"232,13708",Bee Biology and Systematics Laboratory,1980-07-25,1980,,"Macropis nuda (Provancher, 1882)",Macropis nuda,Macropis nuda,,,655865,655865,,41.90999984741211,-111.87000274658203,,,,,,,,49005,Franklin,Cache County,Idaho,Utah,,,,US,http://www.ars.usda.gov/main/site_main.htm?modecode=54280500,,,,,,CC_BY_4_0
658923184,specimen,119994,,"W.J. Hanson, G.E. Knowlton",232,USDA-ARS Bee Biology and Systematics Laboratory,"232,13708",Bee Biology and Systematics Laboratory,1980-07-25,1980,,"Macropis nuda (Provancher, 1882)",Macropis nuda,Macropis nuda,,,655865,655865,,41.90999984741211,-111.87000274658203,,,,,,,,49005,Franklin,Cache County,Idaho,Utah,,,,US,http://www.ars.usda.gov/main/site_main.htm?modecode=54280500,,,,,,CC_BY_4_0
658923185,specimen,119995,,"W.J. Hanson, G.E. Knowlton",232,USDA-ARS Bee Biology and Systematics Laboratory,"232,13708",Bee Biology and Systematics Laboratory,1980-07-25,1980,,"Macropis nuda (Provancher, 1882)",Macropis nuda,Macropis nuda,,,655865,655865,,41.90999984741211,-111.87000274658203,,,,,,,,49005,Franklin,Cache County,Idaho,Utah,,,,US,http://www.ars.usda.gov/main/site_main.htm?modecode=54280500,,,,,,CC_BY_4_0
658923186,specimen,119996,,"W.J. Hanson, G.E. Knowlton",232,USDA-ARS Bee Biology and Systematics Laboratory,"232,13708",Bee Biology and Systematics Laboratory,1980-07-25,1980,,"Macropis nuda (Provancher, 1882)",Macropis nuda,Macropis nuda,,,655865,655865,,41.90999984741211,-111.87000274658203,,,,,,,,49005,Franklin,Cache County,Idaho,Utah,,,,US,http://www.ars.usda.gov/main/site_main.htm?modecode=54280500,,,,,,CC_BY_4_0
658923187,specimen,119997,,"W.J. Hanson, G.E. Knowlton",232,USDA-ARS Bee Biology and Systematics Laboratory,"232,13708",Bee Biology and Systematics Laboratory,1980-07-25,1980,,"Macropis nuda (Provancher, 1882)",Macropis nuda,Macropis nuda,,,655865,655865,,41.90999984741211,-111.87000274658203,,,,,,,,49005,Franklin,Cache County,Idaho,Utah,,,,US,http://www.ars.usda.gov/main/site_main.htm?modecode=54280500,,,,,,CC_BY_4_0
658923188,specimen,119998,,"W.J. Hanson, G.E. Knowlton",232,USDA-ARS Bee Biology and Systematics Laboratory,"232,13708",Bee Biology and Systematics Laboratory,1980-07-25,1980,,"Macropis nuda (Provancher, 1882)",Macropis nuda,Macropis nuda,,,655865,655865,,41.90999984741211,-111.87000274658203,,,,,,,,49005,Franklin,Cache County,Idaho,Utah,,,,US,http://www.ars.usda.gov/main/site_main.htm?modecode=54280500,,,,,,CC_BY_4_0
658923189,specimen,119999,,"W.J. Hanson, G.E. Knowlton",232,USDA-ARS Bee Biology and Systematics Laboratory,"232,13708",Bee Biology and Systematics Laboratory,1980-07-25,1980,,"Macropis nuda (Provancher, 1882)",Macropis nuda,Macropis nuda,,,655865,655865,,41.90999984741211,-111.87000274658203,,,,,,,,49005,Franklin,Cache County,Idaho,Utah,,,,US,http://www.ars.usda.gov/main/site_main.htm?modecode=54280500,,,,,,CC_BY_4_0
658923190,specimen,119956,,"W.J. Hanson, G.E. Knowlton",232,USDA-ARS Bee Biology and Systematics Laboratory,"232,13708",Bee Biology and Systematics Laboratory,1980-07-25,1980,,"Macropis nuda (Provancher, 1882)",Macropis nuda,Macropis nuda,,,655865,655865,,41.90999984741211,-111.87000274658203,,,,,,,,49005,Franklin,Cache County,Idaho,Utah,,,,US,http://www.ars.usda.gov/main/site_main.htm?modecode=54280500,,,,,,CC_BY_4_0
658923191,specimen,109897,,G.E. Knowlton,232,USDA-ARS Bee Biology and Systematics Laboratory,"232,13708",Bee Biology and Systematics Laboratory,1979-06-29,1979,,"Macropis nuda (Provancher, 1882)",Macropis nuda,Macropis nuda,,,655865,655865,,41.90999984741211,-111.87000274658203,,,,,,,,49005,Franklin,Cache County,Idaho,Utah,,,,US,http://www.ars.usda.gov/main/site_main.htm?modecode=54280500,,,,,,CC_BY_4_0
658923192,specimen,119976,,G.E. Knowlton,232,USDA-ARS Bee Biology and Systematics Laboratory,"232,13708",Bee Biology and Systematics Laboratory,1979-06-29,1979,,"Macropis nuda (Provancher, 1882)",Macropis nuda,Macropis nuda,,,655865,655865,,41.90999984741211,-111.87000274658203,,,,,,,,49005,Franklin,Cache County,Idaho,Utah,,,,US,http://www.ars.usda.gov/main/site_main.htm?modecode=54280500,,,,,,CC_BY_4_0
658923193,specimen,109883,,G.E. Knowlton,232,USDA-ARS Bee Biology and Systematics Laboratory,"232,13708",Bee Biology and Systematics Laboratory,1983-07-22,1983,,"Macropis nuda (Provancher, 1882)",Macropis nuda,Macropis nuda,,,655865,655865,,42.13359832763672,-111.70079803466797,,,,,,,,16041,Franklin,Franklin County,Idaho,Idaho,,,,US,http://www.ars.usda.gov/main/site_main.htm?modecode=54280500,,,,,,CC_BY_4_0
658923194,specimen,119981,,G.E. Knowlton,232,USDA-ARS Bee Biology and Systematics Laboratory,"232,13708",Bee Biology and Systematics Laboratory,1980-07-12,1980,,"Macropis nuda (Provancher, 1882)",Macropis nuda,Macropis nuda,,,655865,655865,,42.173587799072266,-111.82295227050781,,,,,,county,,16041,Franklin,Franklin County,Idaho,Idaho,,,,US,http://www.ars.usda.gov/main/site_main.htm?modecode=54280500,,,,,,CC_BY_4_0
658923195,specimen,119977,,G.E. Knowlton,232,USDA-ARS Bee Biology and Systematics Laboratory,"232,13708",Bee Biology and Systematics Laboratory,1978-07-15,1978,,"Macropis nuda (Provancher, 1882)",Macropis nuda,Macropis nuda,,,655865,655865,,42.08380889892578,-111.74883270263672,,,,,,,,16041,Franklin,Franklin County,Idaho,Idaho,,,,US,http://www.ars.usda.gov/main/site_main.htm?modecode=54280500,,,,,,CC_BY_4_0
658923196,specimen,119978,,G.E. Knowlton,232,USDA-ARS Bee Biology and Systematics Laboratory,"232,13708",Bee Biology and Systematics Laboratory,1978-07-15,1978,,"Macropis nuda (Provancher, 1882)",Macropis nuda,Macropis nuda,,,655865,655865,,42.08380889892578,-111.74883270263672,,,,,,,,16041,Franklin,Franklin County,Idaho,Idaho,,,,US,http://www.ars.usda.gov/main/site_main.htm?modecode=54280500,,,,,,CC_BY_4_0
658923197,specimen,119979,,G.E. Knowlton,232,USDA-ARS Bee Biology and Systematics Laboratory,"232,13708",Bee Biology and Systematics Laboratory,1978-07-15,1978,,"Macropis nuda (Provancher, 1882)",Macropis nuda,Macropis nuda,,,655865,655865,,42.08380889892578,-111.74883270263672,,,,,,,,16041,Franklin,Franklin County,Idaho,Idaho,,,,US,http://www.ars.usda.gov/main/site_main.htm?modecode=54280500,,,,,,CC_BY_4_0
658923198,specimen,92710,,G.E. Knowlton,232,USDA-ARS Bee Biology and Systematics Laboratory,"232,13708",Bee Biology and Systematics Laboratory,1978-07-15,1978,,"Macropis nuda (Provancher, 1882)",Macropis nuda,Macropis nuda,,,655865,655865,,42.08380889892578,-111.74883270263672,,,,,,,,16041,Franklin,Franklin County,Idaho,Idaho,,,,US,http://www.ars.usda.gov/main/site_main.htm?modecode=54280500,,,,,,CC_BY_4_0
658923199,specimen,119954,,G.E. Knowlton,232,USDA-ARS Bee Biology and Systematics Laboratory,"232,13708",Bee Biology and Systematics Laboratory,1980-07-28,1980,,"Macropis nuda (Provancher, 1882)",Macropis nuda,Macropis nuda,,,655865,655865,,42.13798141479492,-111.69465637207031,,,,,,,,16041,Franklin,Franklin County,Idaho,Idaho,,,,US,http://www.ars.usda.gov/main/site_main.htm?modecode=54280500,,,,,,CC_BY_4_0
658923200,specimen,119955,,G.E. Knowlton,232,USDA-ARS Bee Biology and Systematics Laboratory,"232,13708",Bee Biology and Systematics Laboratory,1983-07-22,1983,,"Macropis nuda (Provancher, 1882)",Macropis nuda,Macropis nuda,,,655865,655865,,42.13798141479492,-111.69465637207031,,,,,,,,16041,Franklin,Franklin County,Idaho,Idaho,,,,US,http://www.ars.usda.gov/main/site_main.htm?modecode=54280500,,,,,,CC_BY_4_0
658923201,specimen,119982,,G.E. Knowlton,232,USDA-ARS Bee Biology and Systematics Laboratory,"232,13708",Bee Biology and Systematics Laboratory,1980-07-25,1980,,"Macropis nuda (Provancher, 1882)",Macropis nuda,Macropis nuda,,,655865,655865,,42.13798141479492,-111.69465637207031,,,,,,,,16041,Franklin,Franklin County,Idaho,Idaho,,,,US,http://www.ars.usda.gov/main/site_main.htm?modecode=54280500,,,,,,CC_BY_4_0
658923202,specimen,119983,,G.E. Knowlton,232,USDA-ARS Bee Biology and Systematics Laboratory,"232,13708",Bee Biology and Systematics Laboratory,1980-07-28,1980,,"Macropis nuda (Provancher, 1882)",Macropis nuda,Macropis nuda,,,655865,655865,,42.13798141479492,-111.69465637207031,,,,,,,,16041,Franklin,Franklin County,Idaho,Idaho,,,,US,http://www.ars.usda.gov/main/site_main.htm?modecode=54280500,,,,,,CC_BY_4_0
658923203,specimen,119984,,G.E. Knowlton,232,USDA-ARS Bee Biology and Systematics Laboratory,"232,13708",Bee Biology and Systematics Laboratory,1983-07-22,1983,,"Macropis nuda (Provancher, 1882)",Macropis nuda,Macropis nuda,,,655865,655865,,42.13798141479492,-111.69465637207031,,,,,,,,16041,Franklin,Franklin County,Idaho,Idaho,,,,US,http://www.ars.usda.gov/main/site_main.htm?modecode=54280500,,,,,,CC_BY_4_0
658923204,specimen,119985,,G.E. Knowlton,232,USDA-ARS Bee Biology and Systematics Laboratory,"232,13708",Bee Biology and Systematics Laboratory,1983-07-22,1983,,"Macropis nuda (Provancher, 1882)",Macropis nuda,Macropis nuda,,,655865,655865,,42.13798141479492,-111.69465637207031,,,,,,,,16041,Franklin,Franklin County,Idaho,Idaho,,,,US,http://www.ars.usda.gov/main/site_main.htm?modecode=54280500,,,,,,CC_BY_4_0
658923205,specimen,119986,,G.E. Knowlton,232,USDA-ARS Bee Biology and Systematics Laboratory,"232,13708",Bee Biology and Systematics Laboratory,1983-07-22,1983,,"Macropis nuda (Provancher, 1882)",Macropis nuda,Macropis nuda,,,655865,655865,,42.13798141479492,-111.69465637207031,,,,,,,,16041,Franklin,Franklin County,Idaho,Idaho,,,,US,http://www.ars.usda.gov/main/site_main.htm?modecode=54280500,,,,,,CC_BY_4_0
658923206,specimen,119987,,G.E. Knowlton,232,USDA-ARS Bee Biology and Systematics Laboratory,"232,13708",Bee Biology and Systematics Laboratory,1983-07-22,1983,,"Macropis nuda (Provancher, 1882)",Macropis nuda,Macropis nuda,,,655865,655865,,42.13798141479492,-111.69465637207031,,,,,,,,16041,Franklin,Franklin County,Idaho,Idaho,,,,US,http://www.ars.usda.gov/main/site_main.htm?modecode=54280500,,,,,,CC_BY_4_0
658923207,specimen,119988,,G.E. Knowlton,232,USDA-ARS Bee Biology and Systematics Laboratory,"232,13708",Bee Biology and Systematics Laboratory,1983-07-22,1983,,"Macropis nuda (Provancher, 1882)",Macropis nuda,Macropis nuda,,,655865,655865,,42.13798141479492,-111.69465637207031,,,,,,,,16041,Franklin,Franklin County,Idaho,Idaho,,,,US,http://www.ars.usda.gov/main/site_main.htm?modecode=54280500,,,,,,CC_BY_4_0
658923208,specimen,119989,,G.E. Knowlton,232,USDA-ARS Bee Biology and Systematics Laboratory,"232,13708",Bee Biology and Systematics Laboratory,1983-07-22,1983,,"Macropis nuda (Provancher, 1882)",Macropis nuda,Macropis nuda,,,655865,655865,,42.13798141479492,-111.69465637207031,,,,,,,,16041,Franklin,Franklin County,Idaho,Idaho,,,,US,http://www.ars.usda.gov/main/site_main.htm?modecode=54280500,,,,,,CC_BY_4_0
658923209,specimen,119990,,G.E. Knowlton,232,USDA-ARS Bee Biology and Systematics Laboratory,"232,13708",Bee Biology and Systematics Laboratory,1983-07-22,1983,,"Macropis nuda (Provancher, 1882)",Macropis nuda,Macropis nuda,,,655865,655865,,42.13798141479492,-111.69465637207031,,,,,,,,16041,Franklin,Franklin County,Idaho,Idaho,,,,US,http://www.ars.usda.gov/main/site_main.htm?modecode=54280500,,,,,,CC_BY_4_0
658923210,specimen,119991,,G.E. Knowlton,232,USDA-ARS Bee Biology and Systematics Laboratory,"232,13708",Bee Biology and Systematics Laboratory,1983-07-30,1983,,"Macropis nuda (Provancher, 1882)",Macropis nuda,Macropis nuda,,,655865,655865,,42.13798141479492,-111.69465637207031,,,,,,,,16041,Franklin,Franklin County,Idaho,Idaho,,,,US,http://www.ars.usda.gov/main/site_main.htm?modecode=54280500,,,,,,CC_BY_4_0
658923211,specimen,BBSL190928,,T.B. Mitchell,232,USDA-ARS Bee Biology and Systematics Laboratory,"232,13708",Bee Biology and Systematics Laboratory,1921-06-24,1921,,"Macropis nuda (Provancher, 1882)",Macropis nuda,Macropis nuda,,,655865,655865,,42.28342819213867,-71.23282623291016,,,,,,,,25021,Norfolk,Norfolk County,Massachusetts,Massachusetts,,,,US,http://www.ars.usda.gov/main/site_main.htm?modecode=54280500,,,,,,CC_BY_4_0
658923212,specimen,BBSL190902,,H.A. Scullen,232,USDA-ARS Bee Biology and Systematics Laboratory,"232,13708",Bee Biology and Systematics Laboratory,1928-07-21,1928,,"Macropis nuda (Provancher, 1882)",Macropis nuda,Macropis nuda,,,655865,655865,,42.4530029296875,-76.47348022460938,,,,,,county,,36109,Tompkins,Tompkins County,New York,New York,,,,US,http://www.ars.usda.gov/main/site_main.htm?modecode=54280500,,,,,,CC_BY_4_0
658923213,specimen,86455,,W.J. Turner,232,USDA-ARS Bee Biology and Systematics Laboratory,"232,13708",Bee Biology and Systematics Laboratory,1958-07-13,1958,,"Macropis nuda (Provancher, 1882)",Macropis nuda,Macropis nuda,,,655865,655865,,47.54045867919922,-116.77851104736328,,,,640.0,,,,16055,Kootenai,Kootenai County,Idaho,Idaho,,,,US,http://www.ars.usda.gov/main/site_main.htm?modecode=54280500,,,,,,CC_BY_4_0
658923214,specimen,109896,,G.E. Bohart,232,USDA-ARS Bee Biology and Systematics Laboratory,"232,13708",Bee Biology and Systematics Laboratory,1983-06-30,1983,,"Macropis nuda (Provancher, 1882)",Macropis nuda,Macropis nuda,,,655865,655865,,41.90999984741211,-111.87000274658203,,,,,,,,49005,Franklin,Cache County,Idaho,Utah,,,,US,http://www.ars.usda.gov/main/site_main.htm?modecode=54280500,,,,,,CC_BY_4_0
658923215,specimen,119959,,G.E. Bohart,232,USDA-ARS Bee Biology and Systematics Laboratory,"232,13708",Bee Biology and Systematics Laboratory,1983-06-30,1983,,"Macropis nuda (Provancher, 1882)",Macropis nuda,Macropis nuda,,,655865,655865,,41.90999984741211,-111.87000274658203,,,,,,,,49005,Franklin,Cache County,Idaho,Utah,,,,US,http://www.ars.usda.gov/main/site_main.htm?modecode=54280500,,,,,,CC_BY_4_0
658923216,specimen,119960,,G.E. Bohart,232,USDA-ARS Bee Biology and Systematics Laboratory,"232,13708",Bee Biology and Systematics Laboratory,1983-06-30,1983,,"Macropis nuda (Provancher, 1882)",Macropis nuda,Macropis nuda,,,655865,655865,,41.90999984741211,-111.87000274658203,,,,,,,,49005,Franklin,Cache County,Idaho,Utah,,,,US,http://www.ars.usda.gov/main/site_main.htm?modecode=54280500,,,,,,CC_BY_4_0
658923217,specimen,119961,,G.E. Bohart,232,USDA-ARS Bee Biology and Systematics Laboratory,"232,13708",Bee Biology and Systematics Laboratory,1983-06-30,1983,,"Macropis nuda (Provancher, 1882)",Macropis nuda,Macropis nuda,,,655865,655865,,41.90999984741211,-111.87000274658203,,,,,,,,49005,Franklin,Cache County,Idaho,Utah,,,,US,http://www.ars.usda.gov/main/site_main.htm?modecode=54280500,,,,,,CC_BY_4_0
658923218,specimen,119962,,G.E. Bohart,232,USDA-ARS Bee Biology and Systematics Laboratory,"232,13708",Bee Biology and Systematics Laboratory,1983-06-30,1983,,"Macropis nuda (Provancher, 1882)",Macropis nuda,Macropis nuda,,,655865,655865,,41.90999984741211,-111.87000274658203,,,,,,,,49005,Franklin,Cache County,Idaho,Utah,,,,US,http://www.ars.usda.gov/main/site_main.htm?modecode=54280500,,,,,,CC_BY_4_0
658923219,specimen,119963,,G.E. Bohart,232,USDA-ARS Bee Biology and Systematics Laboratory,"232,13708",Bee Biology and Systematics Laboratory,1983-06-30,1983,,"Macropis nuda (Provancher, 1882)",Macropis nuda,Macropis nuda,,,655865,655865,,41.90999984741211,-111.87000274658203,,,,,,,,49005,Franklin,Cache County,Idaho,Utah,,,,US,http://www.ars.usda.gov/main/site_main.htm?modecode=54280500,,,,,,CC_BY_4_0
658923220,specimen,119964,,G.E. Bohart,232,USDA-ARS Bee Biology and Systematics Laboratory,"232,13708",Bee Biology and Systematics Laboratory,1983-06-30,1983,,"Macropis nuda (Provancher, 1882)",Macropis nuda,Macropis nuda,,,655865,655865,,41.90999984741211,-111.87000274658203,,,,,,,,49005,Franklin,Cache County,Idaho,Utah,,,,US,http://www.ars.usda.gov/main/site_main.htm?modecode=54280500,,,,,,CC_BY_4_0
658923221,specimen,109884,,G.E. Bohart,232,USDA-ARS Bee Biology and Systematics Laboratory,"232,13708",Bee Biology and Systematics Laboratory,1983-07-22,1983,,"Macropis nuda (Provancher, 1882)",Macropis nuda,Macropis nuda,,,655865,655865,,41.90999984741211,-111.87000274658203,,,,,,,,49005,Franklin,Cache County,Idaho,Utah,,,,US,http://www.ars.usda.gov/main/site_main.htm?modecode=54280500,,,,,,CC_BY_4_0
658923222,specimen,109885,,G.E. Bohart,232,USDA-ARS Bee Biology and Systematics Laboratory,"232,13708",Bee Biology and Systematics Laboratory,1983-07-22,1983,,"Macropis nuda (Provancher, 1882)",Macropis nuda,Macropis nuda,,,655865,655865,,41.90999984741211,-111.87000274658203,,,,,,,,49005,Franklin,Cache County,Idaho,Utah,,,,US,http://www.ars.usda.gov/main/site_main.htm?modecode=54280500,,,,,,CC_BY_4_0
658923223,specimen,109886,,G.E. Bohart,232,USDA-ARS Bee Biology and Systematics Laboratory,"232,13708",Bee Biology and Systematics Laboratory,1983-07-22,1983,,"Macropis nuda (Provancher, 1882)",Macropis nuda,Macropis nuda,,,655865,655865,,41.90999984741211,-111.87000274658203,,,,,,,,49005,Franklin,Cache County,Idaho,Utah,,,,US,http://www.ars.usda.gov/main/site_main.htm?modecode=54280500,,,,,,CC_BY_4_0
658923224,specimen,109887,,G.E. Bohart,232,USDA-ARS Bee Biology and Systematics Laboratory,"232,13708",Bee Biology and Systematics Laboratory,1983-07-22,1983,,"Macropis nuda (Provancher, 1882)",Macropis nuda,Macropis nuda,,,655865,655865,,41.90999984741211,-111.87000274658203,,,,,,,,49005,Franklin,Cache County,Idaho,Utah,,,,US,http://www.ars.usda.gov/main/site_main.htm?modecode=54280500,,,,,,CC_BY_4_0
658923225,specimen,109888,,G.E. Bohart,232,USDA-ARS Bee Biology and Systematics Laboratory,"232,13708",Bee Biology and Systematics Laboratory,1983-07-22,1983,,"Macropis nuda (Provancher, 1882)",Macropis nuda,Macropis nuda,,,655865,655865,,41.90999984741211,-111.87000274658203,,,,,,,,49005,Franklin,Cache County,Idaho,Utah,,,,US,http://www.ars.usda.gov/main/site_main.htm?modecode=54280500,,,,,,CC_BY_4_0
658923226,specimen,109889,,G.E. Bohart,232,USDA-ARS Bee Biology and Systematics Laboratory,"232,13708",Bee Biology and Systematics Laboratory,1983-07-22,1983,,"Macropis nuda (Provancher, 1882)",Macropis nuda,Macropis nuda,,,655865,655865,,41.90999984741211,-111.87000274658203,,,,,,,,49005,Franklin,Cache County,Idaho,Utah,,,,US,http://www.ars.usda.gov/main/site_main.htm?modecode=54280500,,,,,,CC_BY_4_0
658923227,specimen,109890,,G.E. Bohart,232,USDA-ARS Bee Biology and Systematics Laboratory,"232,13708",Bee Biology and Systematics Laboratory,1983-07-22,1983,,"Macropis nuda (Provancher, 1882)",Macropis nuda,Macropis nuda,,,655865,655865,,41.90999984741211,-111.87000274658203,,,,,,,,49005,Franklin,Cache County,Idaho,Utah,,,,US,http://www.ars.usda.gov/main/site_main.htm?modecode=54280500,,,,,,CC_BY_4_0
658923228,specimen,109891,,G.E. Bohart,232,USDA-ARS Bee Biology and Systematics Laboratory,"232,13708",Bee Biology and Systematics Laboratory,1983-07-22,1983,,"Macropis nuda (Provancher, 1882)",Macropis nuda,Macropis nuda,,,655865,655865,,41.90999984741211,-111.87000274658203,,,,,,,,49005,Franklin,Cache County,Idaho,Utah,,,,US,http://www.ars.usda.gov/main/site_main.htm?modecode=54280500,,,,,,CC_BY_4_0
658923229,specimen,109892,,G.E. Bohart,232,USDA-ARS Bee Biology and Systematics Laboratory,"232,13708",Bee Biology and Systematics Laboratory,1983-07-22,1983,,"Macropis nuda (Provancher, 1882)",Macropis nuda,Macropis nuda,,,655865,655865,,41.90999984741211,-111.87000274658203,,,,,,,,49005,Franklin,Cache County,Idaho,Utah,,,,US,http://www.ars.usda.gov/main/site_main.htm?modecode=54280500,,,,,,CC_BY_4_0
658923230,specimen,109893,,G.E. Bohart,232,USDA-ARS Bee Biology and Systematics Laboratory,"232,13708",Bee Biology and Systematics Laboratory,1983-07-22,1983,,"Macropis nuda (Provancher, 1882)",Macropis nuda,Macropis nuda,,,655865,655865,,41.90999984741211,-111.87000274658203,,,,,,,,49005,Franklin,Cache County,Idaho,Utah,,,,US,http://www.ars.usda.gov/main/site_main.htm?modecode=54280500,,,,,,CC_BY_4_0
658923231,specimen,109894,,G.E. Bohart,232,USDA-ARS Bee Biology and Systematics Laboratory,"232,13708",Bee Biology and Systematics Laboratory,1983-07-22,1983,,"Macropis nuda (Provancher, 1882)",Macropis nuda,Macropis nuda,,,655865,655865,,41.90999984741211,-111.87000274658203,,,,,,,,49005,Franklin,Cache County,Idaho,Utah,,,,US,http://www.ars.usda.gov/main/site_main.htm?modecode=54280500,,,,,,CC_BY_4_0
658923232,specimen,109895,,G.E. Bohart,232,USDA-ARS Bee Biology and Systematics Laboratory,"232,13708",Bee Biology and Systematics Laboratory,1983-07-22,1983,,"Macropis nuda (Provancher, 1882)",Macropis nuda,Macropis nuda,,,655865,655865,,41.90999984741211,-111.87000274658203,,,,,,,,49005,Franklin,Cache County,Idaho,Utah,,,,US,http://www.ars.usda.gov/main/site_main.htm?modecode=54280500,,,,,,CC_BY_4_0
658923233,specimen,119965,,G.E. Bohart,232,USDA-ARS Bee Biology and Systematics Laboratory,"232,13708",Bee Biology and Systematics Laboratory,1983-07-22,1983,,"Macropis nuda (Provancher, 1882)",Macropis nuda,Macropis nuda,,,655865,655865,,41.90999984741211,-111.87000274658203,,,,,,,,49005,Franklin,Cache County,Idaho,Utah,,,,US,http://www.ars.usda.gov/main/site_main.htm?modecode=54280500,,,,,,CC_BY_4_0
658923234,specimen,119966,,G.E. Bohart,232,USDA-ARS Bee Biology and Systematics Laboratory,"232,13708",Bee Biology and Systematics Laboratory,1983-07-22,1983,,"Macropis nuda (Provancher, 1882)",Macropis nuda,Macropis nuda,,,655865,655865,,41.90999984741211,-111.87000274658203,,,,,,,,49005,Franklin,Cache County,Idaho,Utah,,,,US,http://www.ars.usda.gov/main/site_main.htm?modecode=54280500,,,,,,CC_BY_4_0
658923235,specimen,119967,,G.E. Bohart,232,USDA-ARS Bee Biology and Systematics Laboratory,"232,13708",Bee Biology and Systematics Laboratory,1983-07-22,1983,,"Macropis nuda (Provancher, 1882)",Macropis nuda,Macropis nuda,,,655865,655865,,41.90999984741211,-111.87000274658203,,,,,,,,49005,Franklin,Cache County,Idaho,Utah,,,,US,http://www.ars.usda.gov/main/site_main.htm?modecode=54280500,,,,,,CC_BY_4_0
658923236,specimen,119968,,G.E. Bohart,232,USDA-ARS Bee Biology and Systematics Laboratory,"232,13708",Bee Biology and Systematics Laboratory,1983-07-22,1983,,"Macropis nuda (Provancher, 1882)",Macropis nuda,Macropis nuda,,,655865,655865,,41.90999984741211,-111.87000274658203,,,,,,,,49005,Franklin,Cache County,Idaho,Utah,,,,US,http://www.ars.usda.gov/main/site_main.htm?modecode=54280500,,,,,,CC_BY_4_0
658923237,specimen,119969,,G.E. Bohart,232,USDA-ARS Bee Biology and Systematics Laboratory,"232,13708",Bee Biology and Systematics Laboratory,1983-07-22,1983,,"Macropis nuda (Provancher, 1882)",Macropis nuda,Macropis nuda,,,655865,655865,,41.90999984741211,-111.87000274658203,,,,,,,,49005,Franklin,Cache County,Idaho,Utah,,,,US,http://www.ars.usda.gov/main/site_main.htm?modecode=54280500,,,,,,CC_BY_4_0
658923238,specimen,119970,,G.E. Bohart,232,USDA-ARS Bee Biology and Systematics Laboratory,"232,13708",Bee Biology and Systematics Laboratory,1983-07-22,1983,,"Macropis nuda (Provancher, 1882)",Macropis nuda,Macropis nuda,,,655865,655865,,41.90999984741211,-111.87000274658203,,,,,,,,49005,Franklin,Cache County,Idaho,Utah,,,,US,http://www.ars.usda.gov/main/site_main.htm?modecode=54280500,,,,,,CC_BY_4_0
658923239,specimen,119971,,G.E. Bohart,232,USDA-ARS Bee Biology and Systematics Laboratory,"232,13708",Bee Biology and Systematics Laboratory,1983-07-22,1983,,"Macropis nuda (Provancher, 1882)",Macropis nuda,Macropis nuda,,,655865,655865,,41.90999984741211,-111.87000274658203,,,,,,,,49005,Franklin,Cache County,Idaho,Utah,,,,US,http://www.ars.usda.gov/main/site_main.htm?modecode=54280500,,,,,,CC_BY_4_0
658923240,specimen,119972,,G.E. Bohart,232,USDA-ARS Bee Biology and Systematics Laboratory,"232,13708",Bee Biology and Systematics Laboratory,1983-07-22,1983,,"Macropis nuda (Provancher, 1882)",Macropis nuda,Macropis nuda,,,655865,655865,,41.90999984741211,-111.87000274658203,,,,,,,,49005,Franklin,Cache County,Idaho,Utah,,,,US,http://www.ars.usda.gov/main/site_main.htm?modecode=54280500,,,,,,CC_BY_4_0
658923241,specimen,119973,,G.E. Bohart,232,USDA-ARS Bee Biology and Systematics Laboratory,"232,13708",Bee Biology and Systematics Laboratory,1983-07-22,1983,,"Macropis nuda (Provancher, 1882)",Macropis nuda,Macropis nuda,,,655865,655865,,41.90999984741211,-111.87000274658203,,,,,,,,49005,Franklin,Cache County,Idaho,Utah,,,,US,http://www.ars.usda.gov/main/site_main.htm?modecode=54280500,,,,,,CC_BY_4_0
658923242,specimen,119974,,G.E. Bohart,232,USDA-ARS Bee Biology and Systematics Laboratory,"232,13708",Bee Biology and Systematics Laboratory,1983-07-22,1983,,"Macropis nuda (Provancher, 1882)",Macropis nuda,Macropis nuda,,,655865,655865,,41.90999984741211,-111.87000274658203,,,,,,,,49005,Franklin,Cache County,Idaho,Utah,,,,US,http://www.ars.usda.gov/main/site_main.htm?modecode=54280500,,,,,,CC_BY_4_0
658923243,specimen,109899,,,232,USDA-ARS Bee Biology and Systematics Laboratory,"232,13708",Bee Biology and Systematics Laboratory,1985-07-06,1985,,"Macropis nuda (Provancher, 1882)",Macropis nuda,Macropis nuda,,,655865,655865,,41.90999984741211,-111.87000274658203,,,,,,,,49005,Franklin,Cache County,Idaho,Utah,,,,US,http://www.ars.usda.gov/main/site_main.htm?modecode=54280500,,,,,,CC_BY_4_0
658923244,specimen,UNK217,,,232,USDA-ARS Bee Biology and Systematics Laboratory,"232,13708",Bee Biology and Systematics Laboratory,1954-07-18,1954,,"Macropis nuda (Provancher, 1882)",Macropis nuda,Macropis nuda,,,655865,655865,,41.79882049560547,-70.2110824584961,,,,,,county,,25001,Barnstable,Barnstable County,Massachusetts,Massachusetts,,,,US,http://www.ars.usda.gov/main/site_main.htm?modecode=54280500,,,,,,CC_BY_4_0
1039083037,specimen,YPM ENT 703975,,Russell B. Miller,207,Yale University Peabody Museum,"207,202674","Entomology Division, Yale Peabody Museum",1985-07-12,1985,,"Macropis nuda (Provancher, 1882)",Macropis nuda,Macropis nuda,melittid bees; apoid bees and wasps; bees wasps and ants; winged insects; insects; hexapods; arthropods; animals,,655865,655865,,42.380279541015625,-72.52361297607422,,,,,,,,25015,Hampshire County,Hampshire County,Massachusetts,Massachusetts,,,,US,http://www.peabody.yale.edu,,,,,,CC0_1_0
1039088503,specimen,YPM ENT 703749,,Russell B. Miller,207,Yale University Peabody Museum,"207,202674","Entomology Division, Yale Peabody Museum",1985-07-12,1985,,"Macropis nuda (Provancher, 1882)",Macropis nuda,Macropis nuda,melittid bees; apoid bees and wasps; bees wasps and ants; winged insects; insects; hexapods; arthropods; animals,,655865,655865,,42.380279541015625,-72.52361297607422,,,,,,,,25015,Hampshire County,Hampshire County,Massachusetts,Massachusetts,,,,US,http://www.peabody.yale.edu,,,,,,CC0_1_0
1039095016,specimen,YPM ENT 703979,,Russell B. Miller,207,Yale University Peabody Museum,"207,202674","Entomology Division, Yale Peabody Museum",1985-07-12,1985,,"Macropis nuda (Provancher, 1882)",Macropis nuda,Macropis nuda,melittid bees; apoid bees and wasps; bees wasps and ants; winged insects; insects; hexapods; arthropods; animals,,655865,655865,,42.380279541015625,-72.52361297607422,,,,,,,,25015,Hampshire County,Hampshire County,Massachusetts,Massachusetts,,,,US,http://www.peabody.yale.edu,,,,,,CC0_1_0
1039104162,specimen,YPM ENT 703970,,Russell B. Miller,207,Yale University Peabody Museum,"207,202674","Entomology Division, Yale Peabody Museum",1985-07-12,1985,,"Macropis nuda (Provancher, 1882)",Macropis nuda,Macropis nuda,melittid bees; apoid bees and wasps; bees wasps and ants; winged insects; insects; hexapods; arthropods; animals,,655865,655865,,42.380279541015625,-72.52361297607422,,,,,,,,25015,Hampshire County,Hampshire County,Massachusetts,Massachusetts,,,,US,http://www.peabody.yale.edu,,,,,,CC0_1_0
1039104422,specimen,YPM ENT 703740,,Russell B. Miller,207,Yale University Peabody Museum,"207,202674","Entomology Division, Yale Peabody Museum",1984-07-19,1984,,"Macropis nuda (Provancher, 1882)",Macropis nuda,Macropis nuda,melittid bees; apoid bees and wasps; bees wasps and ants; winged insects; insects; hexapods; arthropods; animals,,655865,655865,,42.27082824707031,-72.5272216796875,,,,,,,,25015,Hampshire County,Hampshire County,Massachusetts,Massachusetts,,,,US,http://www.peabody.yale.edu,,,,,,CC0_1_0
1039118057,specimen,YPM ENT 703650,,Russell B. Miller,207,Yale University Peabody Museum,"207,202674","Entomology Division, Yale Peabody Museum",1985-07-12,1985,,"Macropis nuda (Provancher, 1882)",Macropis nuda,Macropis nuda,melittid bees; apoid bees and wasps; bees wasps and ants; winged insects; insects; hexapods; arthropods; animals,,655865,655865,,42.380279541015625,-72.52361297607422,,,,,,,,25015,Hampshire County,Hampshire County,Massachusetts,Massachusetts,,,,US,http://www.peabody.yale.edu,,,,,,CC0_1_0
1039145173,specimen,YPM ENT 703984,,Russell B. Miller,207,Yale University Peabody Museum,"207,202674","Entomology Division, Yale Peabody Museum",1984-07-19,1984,,"Macropis nuda (Provancher, 1882)",Macropis nuda,Macropis nuda,melittid bees; apoid bees and wasps; bees wasps and ants; winged insects; insects; hexapods; arthropods; animals,,655865,655865,,42.27082824707031,-72.5272216796875,,,,,,,,25015,Hampshire County,Hampshire County,Massachusetts,Massachusetts,,,,US,http://www.peabody.yale.edu,,,,,,CC0_1_0
1039146043,specimen,YPM ENT 703980,,Russell B. Miller,207,Yale University Peabody Museum,"207,202674","Entomology Division, Yale Peabody Museum",1985-07-12,1985,,"Macropis nuda (Provancher, 1882)",Macropis nuda,Macropis nuda,melittid bees; apoid bees and wasps; bees wasps and ants; winged insects; insects; hexapods; arthropods; animals,,655865,655865,,42.380279541015625,-72.52361297607422,,,,,,,,25015,Hampshire County,Hampshire County,Massachusetts,Massachusetts,,,,US,http://www.peabody.yale.edu,,,,,,CC0_1_0
1039146467,specimen,YPM ENT 705804,,Russell B. Miller,207,Yale University Peabody Museum,"207,202674","Entomology Division, Yale Peabody Museum",1985-07-12,1985,,"Macropis nuda (Provancher, 1882)",Macropis nuda,Macropis nuda,melittid bees; apoid bees and wasps; bees wasps and ants; winged insects; insects; hexapods; arthropods; animals,,655865,655865,,42.380279541015625,-72.52361297607422,,,,,,,,25015,Hampshire County,Hampshire County,Massachusetts,Massachusetts,,,,US,http://www.peabody.yale.edu,,,,,,CC0_1_0
1039150873,specimen,YPM ENT 703985,,Russell B. Miller,207,Yale University Peabody Museum,"207,202674","Entomology Division, Yale Peabody Museum",1984-07-19,1984,,"Macropis nuda (Provancher, 1882)",Macropis nuda,Macropis nuda,melittid bees; apoid bees and wasps; bees wasps and ants; winged insects; insects; hexapods; arthropods; animals,,655865,655865,,42.27082824707031,-72.5272216796875,,,,,,,,25015,Hampshire County,Hampshire County,Massachusetts,Massachusetts,,,,US,http://www.peabody.yale.edu,,,,,,CC0_1_0
1039151759,specimen,YPM ENT 703972,,Russell B. Miller,207,Yale University Peabody Museum,"207,202674","Entomology Division, Yale Peabody Museum",1984-07-19,1984,,"Macropis nuda (Provancher, 1882)",Macropis nuda,Macropis nuda,melittid bees; apoid bees and wasps; bees wasps and ants; winged insects; insects; hexapods; arthropods; animals,,655865,655865,,42.27082824707031,-72.5272216796875,,,,,,,,25015,Hampshire County,Hampshire County,Massachusetts,Massachusetts,,,,US,http://www.peabody.yale.edu,,,,,,CC0_1_0
1039152997,specimen,YPM ENT 703658,,Russell B. Miller,207,Yale University Peabody Museum,"207,202674","Entomology Division, Yale Peabody Museum",1984-07-19,1984,,"Macropis nuda (Provancher, 1882)",Macropis nuda,Macropis nuda,melittid bees; apoid bees and wasps; bees wasps and ants; winged insects; insects; hexapods; arthropods; animals,,655865,655865,,42.27082824707031,-72.5272216796875,,,,,,,,25015,Hampshire County,Hampshire County,Massachusetts,Massachusetts,,,,US,http://www.peabody.yale.edu,,,,,,CC0_1_0
1039159828,specimen,YPM ENT 703739,,Russell B. Miller,207,Yale University Peabody Museum,"207,202674","Entomology Division, Yale Peabody Museum",1984-07-19,1984,,"Macropis nuda (Provancher, 1882)",Macropis nuda,Macropis nuda,melittid bees; apoid bees and wasps; bees wasps and ants; winged insects; insects; hexapods; arthropods; animals,,655865,655865,,42.27082824707031,-72.5272216796875,,,,,,,,25015,Hampshire County,Hampshire County,Massachusetts,Massachusetts,,,,US,http://www.peabody.yale.edu,,,,,,CC0_1_0
1039181138,specimen,YPM ENT 705800,,Russell B. Miller,207,Yale University Peabody Museum,"207,202674","Entomology Division, Yale Peabody Museum",1985-07-12,1985,,"Macropis nuda (Provancher, 1882)",Macropis nuda,Macropis nuda,melittid bees; apoid bees and wasps; bees wasps and ants; winged insects; insects; hexapods; arthropods; animals,,655865,655865,,42.380279541015625,-72.52361297607422,,,,,,,,25015,Hampshire County,Hampshire County,Massachusetts,Massachusetts,,,,US,http://www.peabody.yale.edu,,,,,,CC0_1_0
1039205409,specimen,YPM ENT 703959,,Russell B. Miller,207,Yale University Peabody Museum,"207,202674","Entomology Division, Yale Peabody Museum",1984-07-19,1984,,"Macropis nuda (Provancher, 1882)",Macropis nuda,Macropis nuda,melittid bees; apoid bees and wasps; bees wasps and ants; winged insects; insects; hexapods; arthropods; animals,,655865,655865,,42.27082824707031,-72.5272216796875,,,,,,,,25015,Hampshire County,Hampshire County,Massachusetts,Massachusetts,,,,US,http://www.peabody.yale.edu,,,,,,CC0_1_0
1039034317,specimen,YPM ENT 703657,,Russell B. Miller,207,Yale University Peabody Museum,"207,202674","Entomology Division, Yale Peabody Museum",1984-07-19,1984,,"Macropis nuda (Provancher, 1882)",Macropis nuda,Macropis nuda,melittid bees; apoid bees and wasps; bees wasps and ants; winged insects; insects; hexapods; arthropods; animals,,655865,655865,,42.380279541015625,-72.52361297607422,,,,,,,,25015,Hampshire County,Hampshire County,Massachusetts,Massachusetts,,,,US,http://www.peabody.yale.edu,,,,,,CC0_1_0
1039036947,specimen,YPM ENT 703743,,Russell B. Miller,207,Yale University Peabody Museum,"207,202674","Entomology Division, Yale Peabody Museum",1984-07-20,1984,,"Macropis nuda (Provancher, 1882)",Macropis nuda,Macropis nuda,melittid bees; apoid bees and wasps; bees wasps and ants; winged insects; insects; hexapods; arthropods; animals,,655865,655865,,41.63056182861328,-71.05416870117188,,,,,,,,25005,Hampshire County,Bristol County,Massachusetts,Massachusetts,,,,US,http://www.peabody.yale.edu,,,,,,CC0_1_0
1039039376,specimen,YPM ENT 703987,,Russell B. Miller,207,Yale University Peabody Museum,"207,202674","Entomology Division, Yale Peabody Museum",1984-07-20,1984,,"Macropis nuda (Provancher, 1882)",Macropis nuda,Macropis nuda,melittid bees; apoid bees and wasps; bees wasps and ants; winged insects; insects; hexapods; arthropods; animals,,655865,655865,,41.63056182861328,-71.05416870117188,,,,,,,,25005,Hampshire County,Bristol County,Massachusetts,Massachusetts,,,,US,http://www.peabody.yale.edu,,,,,,CC0_1_0
1039044362,specimen,YPM ENT 703653,,Russell B. Miller,207,Yale University Peabody Museum,"207,202674","Entomology Division, Yale Peabody Museum",1984-07-19,1984,,"Macropis nuda (Provancher, 1882)",Macropis nuda,Macropis nuda,melittid bees; apoid bees and wasps; bees wasps and ants; winged insects; insects; hexapods; arthropods; animals,,655865,655865,,42.27082824707031,-72.5272216796875,,,,,,,,25015,Hampshire County,Hampshire County,Massachusetts,Massachusetts,,,,US,http://www.peabody.yale.edu,,,,,,CC0_1_0
1039049385,specimen,YPM ENT 703969,,Russell B. Miller,207,Yale University Peabody Museum,"207,202674","Entomology Division, Yale Peabody Museum",1985-07-12,1985,,"Macropis nuda (Provancher, 1882)",Macropis nuda,Macropis nuda,melittid bees; apoid bees and wasps; bees wasps and ants; winged insects; insects; hexapods; arthropods; animals,,655865,655865,,42.380279541015625,-72.52361297607422,,,,,,,,25015,Hampshire County,Hampshire County,Massachusetts,Massachusetts,,,,US,http://www.peabody.yale.edu,,,,,,CC0_1_0
1039056281,specimen,YPM ENT 703982,,Russell B. Miller,207,Yale University Peabody Museum,"207,202674","Entomology Division, Yale Peabody Museum",1985-07-12,1985,,"Macropis nuda (Provancher, 1882)",Macropis nuda,Macropis nuda,melittid bees; apoid bees and wasps; bees wasps and ants; winged insects; insects; hexapods; arthropods; animals,,655865,655865,,42.380279541015625,-72.52361297607422,,,,,,,,25015,Hampshire County,Hampshire County,Massachusetts,Massachusetts,,,,US,http://www.peabody.yale.edu,,,,,,CC0_1_0
436234697,specimen,Insect Collection 179625,,,75,Illinois Natural History Survey,"75,13517",Illinois Natural History Survey Insect Collection,1894-05-15,1894,,"Macropis nuda (Provancher, 1882)",Macropis nuda,Macropis nuda,,,655865,655865,,39.279720306396484,-89.88166809082031,,,,,,,,17117,Macoupin,Macoupin County,Illinois,Illinois,,,,US,http://www.inhs.uiuc.edu,http://www.inhs.uiuc.edu/animals_plants/insect/,,,,,CC_BY_4_0
436234698,specimen,Insect Collection 179626,,,75,Illinois Natural History Survey,"75,13517",Illinois Natural History Survey Insect Collection,,,,"Macropis nuda (Provancher, 1882)",Macropis nuda,Macropis nuda,,,655865,655865,,44.25,-85.5,,,,,,,,26165,,Wexford County,Michigan,Michigan,,,,US,http://www.inhs.uiuc.edu,http://www.inhs.uiuc.edu/animals_plants/insect/,,,,,CC_BY_4_0
436451599,specimen,Insect Collection 309288,,,75,Illinois Natural History Survey,"75,13517",Illinois Natural History Survey Insect Collection,1917-07-10,1917,,"Macropis nuda (Provancher, 1882)",Macropis nuda,Macropis nuda,,,655865,655865,,42.09606170654297,-90.16255187988281,,,,,,,,19097,Carroll,Jackson County,Illinois,Iowa,,,,US,http://www.inhs.uiuc.edu,http://www.inhs.uiuc.edu/animals_plants/insect/,,,,,CC_BY_4_0
436451600,specimen,Insect Collection 309289,,,75,Illinois Natural History Survey,"75,13517",Illinois Natural History Survey Insect Collection,1917-07-10,1917,,"Macropis nuda (Provancher, 1882)",Macropis nuda,Macropis nuda,,,655865,655865,,42.09606170654297,-90.16255187988281,,,,,,,,19097,Carroll,Jackson County,Illinois,Iowa,,,,US,http://www.inhs.uiuc.edu,http://www.inhs.uiuc.edu/animals_plants/insect/,,,,,CC_BY_4_0
436451601,specimen,Insect Collection 309290,,,75,Illinois Natural History Survey,"75,13517",Illinois Natural History Survey Insect Collection,1917-07-10,1917,,"Macropis nuda (Provancher, 1882)",Macropis nuda,Macropis nuda,,,655865,655865,,42.09606170654297,-90.16255187988281,,,,,,,,19097,Carroll,Jackson County,Illinois,Iowa,,,,US,http://www.inhs.uiuc.edu,http://www.inhs.uiuc.edu/animals_plants/insect/,,,,,CC_BY_4_0
436451602,specimen,Insect Collection 309291,,,75,Illinois Natural History Survey,"75,13517",Illinois Natural History Survey Insect Collection,1917-07-10,1917,,"Macropis nuda (Provancher, 1882)",Macropis nuda,Macropis nuda,,,655865,655865,,42.09606170654297,-90.16255187988281,,,,,,,,19097,Carroll,Jackson County,Illinois,Iowa,,,,US,http://www.inhs.uiuc.edu,http://www.inhs.uiuc.edu/animals_plants/insect/,,,,,CC_BY_4_0
436451603,specimen,Insect Collection 309292,,,75,Illinois Natural History Survey,"75,13517",Illinois Natural History Survey Insect Collection,1917-07-10,1917,,"Macropis nuda (Provancher, 1882)",Macropis nuda,Macropis nuda,,,655865,655865,,42.09606170654297,-90.16255187988281,,,,,,,,19097,Carroll,Jackson County,Illinois,Iowa,,,,US,http://www.inhs.uiuc.edu,http://www.inhs.uiuc.edu/animals_plants/insect/,,,,,CC_BY_4_0
436451604,specimen,Insect Collection 309293,,,75,Illinois Natural History Survey,"75,13517",Illinois Natural History Survey Insect Collection,1917-07-10,1917,,"Macropis nuda (Provancher, 1882)",Macropis nuda,Macropis nuda,,,655865,655865,,42.09606170654297,-90.16255187988281,,,,,,,,19097,Carroll,Jackson County,Illinois,Iowa,,,,US,http://www.inhs.uiuc.edu,http://www.inhs.uiuc.edu/animals_plants/insect/,,,,,CC_BY_4_0
436451605,specimen,Insect Collection 309294,,,75,Illinois Natural History Survey,"75,13517",Illinois Natural History Survey Insect Collection,1917-07-10,1917,,"Macropis nuda (Provancher, 1882)",Macropis nuda,Macropis nuda,,,655865,655865,,42.09606170654297,-90.16255187988281,,,,,,,,19097,Carroll,Jackson County,Illinois,Iowa,,,,US,http://www.inhs.uiuc.edu,http://www.inhs.uiuc.edu/animals_plants/insect/,,,,,CC_BY_4_0
436451606,specimen,Insect Collection 309295,,,75,Illinois Natural History Survey,"75,13517",Illinois Natural History Survey Insect Collection,1917-07-10,1917,,"Macropis nuda (Provancher, 1882)",Macropis nuda,Macropis nuda,,,655865,655865,,42.09606170654297,-90.16255187988281,,,,,,,,19097,Carroll,Jackson County,Illinois,Iowa,,,,US,http://www.inhs.uiuc.edu,http://www.inhs.uiuc.edu/animals_plants/insect/,,,,,CC_BY_4_0
436451607,specimen,Insect Collection 309296,,,75,Illinois Natural History Survey,"75,13517",Illinois Natural History Survey Insect Collection,1917-07-10,1917,,"Macropis nuda (Provancher, 1882)",Macropis nuda,Macropis nuda,,,655865,655865,,42.09606170654297,-90.16255187988281,,,,,,,,19097,Carroll,Jackson County,Illinois,Iowa,,,,US,http://www.inhs.uiuc.edu,http://www.inhs.uiuc.edu/animals_plants/insect/,,,,,CC_BY_4_0
436451608,specimen,Insect Collection 309297,,,75,Illinois Natural History Survey,"75,13517",Illinois Natural History Survey Insect Collection,1917-07-10,1917,,"Macropis nuda (Provancher, 1882)",Macropis nuda,Macropis nuda,,,655865,655865,,42.09606170654297,-90.16255187988281,,,,,,,,19097,Carroll,Jackson County,Illinois,Iowa,,,,US,http://www.inhs.uiuc.edu,http://www.inhs.uiuc.edu/animals_plants/insect/,,,,,CC_BY_4_0
436451609,specimen,Insect Collection 309298,,,75,Illinois Natural History Survey,"75,13517",Illinois Natural History Survey Insect Collection,1917-07-10,1917,,"Macropis nuda (Provancher, 1882)",Macropis nuda,Macropis nuda,,,655865,655865,,42.09606170654297,-90.16255187988281,,,,,,,,19097,Carroll,Jackson County,Illinois,Iowa,,,,US,http://www.inhs.uiuc.edu,http://www.inhs.uiuc.edu/animals_plants/insect/,,,,,CC_BY_4_0
436451610,specimen,Insect Collection 309299,,,75,Illinois Natural History Survey,"75,13517",Illinois Natural History Survey Insect Collection,1917-07-10,1917,,"Macropis nuda (Provancher, 1882)",Macropis nuda,Macropis nuda,,,655865,655865,,42.09606170654297,-90.16255187988281,,,,,,,,19097,Carroll,Jackson County,Illinois,Iowa,,,,US,http://www.inhs.uiuc.edu,http://www.inhs.uiuc.edu/animals_plants/insect/,,,,,CC_BY_4_0
436451611,specimen,Insect Collection 309300,,,75,Illinois Natural History Survey,"75,13517",Illinois Natural History Survey Insect Collection,1917-07-10,1917,,"Macropis nuda (Provancher, 1882)",Macropis nuda,Macropis nuda,,,655865,655865,,42.09606170654297,-90.16255187988281,,,,,,,,19097,Carroll,Jackson County,Illinois,Iowa,,,,US,http://www.inhs.uiuc.edu,http://www.inhs.uiuc.edu/animals_plants/insect/,,,,,CC_BY_4_0
436451612,specimen,Insect Collection 309301,,,75,Illinois Natural History Survey,"75,13517",Illinois Natural History Survey Insect Collection,1917-07-10,1917,,"Macropis nuda (Provancher, 1882)",Macropis nuda,Macropis nuda,,,655865,655865,,42.09606170654297,-90.16255187988281,,,,,,,,19097,Carroll,Jackson County,Illinois,Iowa,,,,US,http://www.inhs.uiuc.edu,http://www.inhs.uiuc.edu/animals_plants/insect/,,,,,CC_BY_4_0
436451613,specimen,Insect Collection 309302,,,75,Illinois Natural History Survey,"75,13517",Illinois Natural History Survey Insect Collection,1917-07-09,1917,,"Macropis nuda (Provancher, 1882)",Macropis nuda,Macropis nuda,,,655865,655865,,42.09606170654297,-90.16255187988281,,,,,,,,19097,Carroll,Jackson County,Illinois,Iowa,,,,US,http://www.inhs.uiuc.edu,http://www.inhs.uiuc.edu/animals_plants/insect/,,,,,CC_BY_4_0
436451614,specimen,Insect Collection 309303,,,75,Illinois Natural History Survey,"75,13517",Illinois Natural History Survey Insect Collection,1917-07-07,1917,,"Macropis nuda (Provancher, 1882)",Macropis nuda,Macropis nuda,,,655865,655865,,42.317779541015625,-90.22138977050781,,,,,,,,17085,Jo Daviess,Jo Daviess County,Illinois,Illinois,,,,US,http://www.inhs.uiuc.edu,http://www.inhs.uiuc.edu/animals_plants/insect/,,,,,CC_BY_4_0
436451615,specimen,Insect Collection 309304,,,75,Illinois Natural History Survey,"75,13517",Illinois Natural History Survey Insect Collection,1917-07-07,1917,,"Macropis nuda (Provancher, 1882)",Macropis nuda,Macropis nuda,,,655865,655865,,42.317779541015625,-90.22138977050781,,,,,,,,17085,Jo Daviess,Jo Daviess County,Illinois,Illinois,,,,US,http://www.inhs.uiuc.edu,http://www.inhs.uiuc.edu/animals_plants/insect/,,,,,CC_BY_4_0
436451616,specimen,Insect Collection 309305,,,75,Illinois Natural History Survey,"75,13517",Illinois Natural History Survey Insect Collection,1919-06-22,1919,,"Macropis nuda (Provancher, 1882)",Macropis nuda,Macropis nuda,,,655865,655865,,42.279170989990234,-71.41667175292969,,,,,,,,25017,Middlesex,Middlesex County,Massachusetts,Massachusetts,,,,US,http://www.inhs.uiuc.edu,http://www.inhs.uiuc.edu/animals_plants/insect/,,,,,CC_BY_4_0
436451617,specimen,Insect Collection 309306,,,75,Illinois Natural History Survey,"75,13517",Illinois Natural History Survey Insect Collection,1919-06-22,1919,,"Macropis nuda (Provancher, 1882)",Macropis nuda,Macropis nuda,,,655865,655865,,42.279170989990234,-71.41667175292969,,,,,,,,25017,Middlesex,Middlesex County,Massachusetts,Massachusetts,,,,US,http://www.inhs.uiuc.edu,http://www.inhs.uiuc.edu/animals_plants/insect/,,,,,CC_BY_4_0
436451618,specimen,Insect Collection 309307,,,75,Illinois Natural History Survey,"75,13517",Illinois Natural History Survey Insect Collection,1919-06-22,1919,,"Macropis nuda (Provancher, 1882)",Macropis nuda,Macropis nuda,,,655865,655865,,42.279170989990234,-71.41667175292969,,,,,,,,25017,Middlesex,Middlesex County,Massachusetts,Massachusetts,,,,US,http://www.inhs.uiuc.edu,http://www.inhs.uiuc.edu/animals_plants/insect/,,,,,CC_BY_4_0
436451619,specimen,Insect Collection 309308,,,75,Illinois Natural History Survey,"75,13517",Illinois Natural History Survey Insect Collection,1919-06-22,1919,,"Macropis nuda (Provancher, 1882)",Macropis nuda,Macropis nuda,,,655865,655865,,42.279170989990234,-71.41667175292969,,,,,,,,25017,Middlesex,Middlesex County,Massachusetts,Massachusetts,,,,US,http://www.inhs.uiuc.edu,http://www.inhs.uiuc.edu/animals_plants/insect/,,,,,CC_BY_4_0
436451620,specimen,Insect Collection 309309,,,75,Illinois Natural History Survey,"75,13517",Illinois Natural History Survey Insect Collection,1919-06-22,1919,,"Macropis nuda (Provancher, 1882)",Macropis nuda,Macropis nuda,,,655865,655865,,42.279170989990234,-71.41667175292969,,,,,,,,25017,Middlesex,Middlesex County,Massachusetts,Massachusetts,,,,US,http://www.inhs.uiuc.edu,http://www.inhs.uiuc.edu/animals_plants/insect/,,,,,CC_BY_4_0
436451621,specimen,Insect Collection 309310,,,75,Illinois Natural History Survey,"75,13517",Illinois Natural History Survey Insect Collection,1892-07-26,1892,,"Macropis nuda (Provancher, 1882)",Macropis nuda,Macropis nuda,,,655865,655865,,42.09606170654297,-90.16255187988281,,,,,,,,19097,Carroll,Jackson County,Illinois,Iowa,,,,US,http://www.inhs.uiuc.edu,http://www.inhs.uiuc.edu/animals_plants/insect/,,,,,CC_BY_4_0
436451622,specimen,Insect Collection 309311,,,75,Illinois Natural History Survey,"75,13517",Illinois Natural History Survey Insect Collection,1892-07-26,1892,,"Macropis nuda (Provancher, 1882)",Macropis nuda,Macropis nuda,,,655865,655865,,42.09606170654297,-90.16255187988281,,,,,,,,19097,Carroll,Jackson County,Illinois,Iowa,,,,US,http://www.inhs.uiuc.edu,http://www.inhs.uiuc.edu/animals_plants/insect/,,,,,CC_BY_4_0
436451623,specimen,Insect Collection 309312,,,75,Illinois Natural History Survey,"75,13517",Illinois Natural History Survey Insect Collection,1892-06-29,1892,,"Macropis nuda (Provancher, 1882)",Macropis nuda,Macropis nuda,,,655865,655865,,42.41667175292969,-90.42888641357422,,,,,,,,17085,Jo Daviess,Jo Daviess County,Illinois,Illinois,,,,US,http://www.inhs.uiuc.edu,http://www.inhs.uiuc.edu/animals_plants/insect/,,,,,CC_BY_4_0
436451624,specimen,Insect Collection 309313,,,75,Illinois Natural History Survey,"75,13517",Illinois Natural History Survey Insect Collection,1892-07-30,1892,,"Macropis nuda (Provancher, 1882)",Macropis nuda,Macropis nuda,,,655865,655865,,42.09606170654297,-90.16255187988281,,,,,,,,19097,Carroll,Jackson County,Illinois,Iowa,,,,US,http://www.inhs.uiuc.edu,http://www.inhs.uiuc.edu/animals_plants/insect/,,,,,CC_BY_4_0
436451625,specimen,Insect Collection 309314,,,75,Illinois Natural History Survey,"75,13517",Illinois Natural History Survey Insect Collection,1919-07-15,1919,,"Macropis nuda (Provancher, 1882)",Macropis nuda,Macropis nuda,,,655865,655865,,42.279170989990234,-72.97917175292969,,,,,,,,25013,Hampden,Hampden County,Massachusetts,Massachusetts,,,,US,http://www.inhs.uiuc.edu,http://www.inhs.uiuc.edu/animals_plants/insect/,,,,,CC_BY_4_0
436451626,specimen,Insect Collection 309315,,,75,Illinois Natural History Survey,"75,13517",Illinois Natural History Survey Insect Collection,1929-07-10,1929,,"Macropis nuda (Provancher, 1882)",Macropis nuda,Macropis nuda,,,655865,655865,,42.41667175292969,-90.42888641357422,,,,,,,,17085,Jo Daviess,Jo Daviess County,Illinois,Illinois,,,,US,http://www.inhs.uiuc.edu,http://www.inhs.uiuc.edu/animals_plants/insect/,,,,,CC_BY_4_0
436451627,specimen,Insect Collection 309316,,,75,Illinois Natural History Survey,"75,13517",Illinois Natural History Survey Insect Collection,1995-06-28,1995,,"Macropis nuda (Provancher, 1882)",Macropis nuda,Macropis nuda,,,655865,655865,,44.85100173950195,-68.62799835205078,,,,,,,,23019,Penobscot,Penobscot County,Maine,Maine,,,,US,http://www.inhs.uiuc.edu,http://www.inhs.uiuc.edu/animals_plants/insect/,,,,,CC_BY_4_0
436565844,specimen,Insect Collection 405860,,,75,Illinois Natural History Survey,"75,13517",Illinois Natural History Survey Insect Collection,1967-06-25,1967,,"Macropis nuda (Provancher, 1882)",Macropis nuda,Macropis nuda,,,655865,655865,,43.16556167602539,-89.91278076171875,,,,,,,,55049,Iowa,Iowa County,Wisconsin,Wisconsin,,,,US,http://www.inhs.uiuc.edu,http://www.inhs.uiuc.edu/animals_plants/insect/,,,,,CC_BY_4_0
436565850,specimen,Insect Collection 405861,,,75,Illinois Natural History Survey,"75,13517",Illinois Natural History Survey Insect Collection,1978-06-26,1978,,"Macropis nuda (Provancher, 1882)",Macropis nuda,Macropis nuda,,,655865,655865,,44.883060455322266,-68.67250061035156,,,,,,,,23019,Penobscot,Penobscot County,Maine,Maine,,,,US,http://www.inhs.uiuc.edu,http://www.inhs.uiuc.edu/animals_plants/insect/,,,,,CC_BY_4_0
436565853,specimen,Insect Collection 405862,,,75,Illinois Natural History Survey,"75,13517",Illinois Natural History Survey Insect Collection,1917-07-10,1917,,"Macropis nuda (Provancher, 1882)",Macropis nuda,Macropis nuda,,,655865,655865,,42.09606170654297,-90.16255187988281,,,,,,,,19097,Carroll,Jackson County,Illinois,Iowa,,,,US,http://www.inhs.uiuc.edu,http://www.inhs.uiuc.edu/animals_plants/insect/,,,,,CC_BY_4_0
1265155505,specimen,596701,,William Morton Wheeler,120,"Museum of Comparative Zoology, Harvard University","120,202122","Museum of Comparative Zoology, Harvard University",1926-08-01,1926,,"Macropis nuda (Provancher, 1882)",Macropis nuda,Macropis nuda,,,655865,655865,,41.7918815612793,-73.23540496826172,,,,,,county,,09005,Litchfield,Litchfield County,Connecticut,Connecticut,,,,US,http://www.mcz.harvard.edu/,http://mczbase.mcz.harvard.edu/,,,,,CC_BY_NC_4_0
1265155515,specimen,596700,,Joseph C. Bequaert,120,"Museum of Comparative Zoology, Harvard University","120,202122","Museum of Comparative Zoology, Harvard University",1918-04-03,1918,,"Macropis nuda (Provancher, 1882)",Macropis nuda,Macropis nuda,,,655865,655865,,40.95888900756836,-74.07379913330078,,,,,,county,,34003,Bergen,Bergen County,New Jersey,New Jersey,,,,US,http://www.mcz.harvard.edu/,http://mczbase.mcz.harvard.edu/,,,,,CC_BY_NC_4_0
1268722138,specimen,15072,,[no agent data],120,"Museum of Comparative Zoology, Harvard University","120,202122","Museum of Comparative Zoology, Harvard University",1892-07-06,1892,,"Macropis nuda (Provancher, 1882)",Macropis nuda,Macropis nuda,,,655865,655865,,42.31169509887695,-71.9402847290039,,,,,,county,,25027,Worcester,Worcester County,Massachusetts,Massachusetts,,,,US,http://www.mcz.harvard.edu/,http://mczbase.mcz.harvard.edu/,,,,,CC_BY_NC_4_0
1268722324,specimen,592617,,[no agent data],120,"Museum of Comparative Zoology, Harvard University","120,202122","Museum of Comparative Zoology, Harvard University",1890-07-05,1890,,"Macropis nuda (Provancher, 1882)",Macropis nuda,Macropis nuda,,,655865,655865,,42.4530029296875,-76.47348022460938,,,,,,county,,36109,Tompkins,Tompkins County,New York,New York,,,,US,http://www.mcz.harvard.edu/,http://mczbase.mcz.harvard.edu/,,,,,CC_BY_NC_4_0
1268722330,specimen,592616,,[no agent data],120,"Museum of Comparative Zoology, Harvard University","120,202122","Museum of Comparative Zoology, Harvard University",1894-07-12,1894,,"Macropis nuda (Provancher, 1882)",Macropis nuda,Macropis nuda,,,655865,655865,,42.47947692871094,-71.3965072631836,,,,,,county,,25017,Middlesex,Middlesex County,Massachusetts,Massachusetts,,,,US,http://www.mcz.harvard.edu/,http://mczbase.mcz.harvard.edu/,,,,,CC_BY_NC_4_0
